{
    "id": "0380d9",
    "title": "Didier Form",
    "description": "Creado por Administrador Didier",
    "companyName": "DiGiraldo",
    "logoUrl": "https:\/\/avatars.githubusercontent.com\/u\/74432513?v=4",
    "expiration_date": "2025-06-02",
    "owner_id": "user_9cea18",
    "admin_id": "user_c440af",
    "creator_id": [
        "user_c440af",
        "user_6be579",
        "user_f25fbd",
        "user_b21858"
    ],
    "updated_id": "user_9cea18",
    "permisos_cruzados": [
        {
            "user_id": "user_f25fbd",
            "username": "Alejandro",
            "asignado_por": "user_9cea18",
            "asignado_por_username": "centromateo",
            "fecha": "2025-05-29 02:20:11",
            "accion": "asignado"
        },
        {
            "user_id": "user_b21858",
            "username": "Pepito",
            "asignado_por": "user_9cea18",
            "asignado_por_username": "centromateo",
            "fecha": "2025-05-29 02:33:44",
            "accion": "asignado"
        },
        {
            "user_id": "user_b21858",
            "username": "Pepito",
            "asignado_por": "user_9cea18",
            "asignado_por_username": "centromateo",
            "fecha": "2025-05-29 02:36:18",
            "accion": "revocado"
        },
        {
            "user_id": "user_b21858",
            "username": "Pepito",
            "asignado_por": "user_9cea18",
            "asignado_por_username": "centromateo",
            "fecha": "2025-05-31 23:42:12",
            "accion": "asignado"
        },
        {
            "user_id": "user_b21858",
            "username": "Pepito",
            "asignado_por": "user_9cea18",
            "asignado_por_username": "centromateo",
            "fecha": "2025-05-31 23:45:22",
            "accion": "revocado"
        },
        {
            "user_id": "user_b21858",
            "username": "Pepito",
            "asignado_por": "user_9cea18",
            "asignado_por_username": "centromateo",
            "fecha": "2025-05-31 23:45:27",
            "accion": "asignado"
        },
        {
            "user_id": "user_b21858",
            "username": "Pepito",
            "asignado_por": "user_9cea18",
            "asignado_por_username": "centromateo",
            "fecha": "2025-05-31 23:46:43",
            "accion": "revocado"
        }
    ],
    "fields": [
        {
            "label": "Nombre",
            "type": "text",
            "placeholder": "",
            "required": "",
            "id": "field_text_1"
        }
    ],
    "created_at": "2025-05-22 03:48:35",
    "updated_at": "2025-06-01 03:38:18",
    "public_url": "form.php?id=0380d9",
    "area_id": "682c2695244f3"
}