{
    "id": "62bb7d",
    "title": "Prueba Rentas",
    "description": "Formulario de rentas",
    "companyName": "Rentamos",
    "logoUrl": "http:\/\/centromateo.org\/wp-content\/uploads\/2022\/10\/Copia-de-logo.png",
    "expiration_date": "2025-06-07",
    "owner_id": "user_9cea18",
    "admin_id": "user_b0f0f0",
    "creator_id": [
        "user_b0f0f0",
        "user_b21858"
    ],
    "updated_id": "user_9cea18",
    "permisos_cruzados": [],
    "fields": [
        {
            "label": "Nuestro eqquip",
            "type": "image",
            "image_title": "",
            "required": "",
            "id": "field_image_4",
            "image_file_uploaded": "62bb7d_escanear0028.jpg",
            "image_file_url": ""
        },
        {
            "label": "Nombre",
            "type": "text",
            "placeholder": "Pepe",
            "required": "",
            "id": "field_text_1"
        },
        {
            "label": "Ingresos",
            "type": "number",
            "placeholder": "Cuanto gana en MXN",
            "min": "",
            "max": "",
            "required": "",
            "id": "field_number_2"
        },
        {
            "label": "Sexo",
            "type": "radio",
            "options": "Masculino\r\nFemenino",
            "required": "",
            "id": "field_radio_3"
        }
    ],
    "created_at": "2025-05-29 02:31:20",
    "updated_at": "2025-06-01 03:24:28",
    "public_url": "form.php?id=62bb7d",
    "area_id": "682c2763582f0"
}