{
    "id": "baa1ad",
    "title": "Edier Form Ed",
    "description": "Edier es un editor de formularios",
    "companyName": "Zedyer",
    "logoUrl": "https:\/\/pngimg.com\/uploads\/mandalorian\/mandalorian_PNG24.png",
    "expiration_date": "2025-05-23",
    "owner_id": "user_9cea18",
    "admin_id": null,
    "creator_id": [
        "user_6be579",
        "user_f25fbd",
        "user_4782db"
    ],
    "updated_id": "user_9cea18",
    "permisos_cruzados": [
        {
            "user_id": "user_f25fbd",
            "username": "Alejandro",
            "asignado_por": "user_9cea18",
            "asignado_por_username": "Sistema",
            "fecha": "2025-05-31 20:55:37",
            "accion": "asignado"
        }
    ],
    "fields": [
        {
            "label": "Nombre",
            "type": "text",
            "placeholder": "Pepito",
            "required": "",
            "id": "field_text_1"
        },
        {
            "label": "Sexo",
            "type": "radio",
            "options": "Masculino\r\nFemenino",
            "required": "",
            "id": "field_radio_2"
        }
    ],
    "created_at": "2025-05-22 21:31:50",
    "updated_at": "2025-05-31 20:55:37",
    "public_url": "form.php?id=baa1ad",
    "area_id": "682c2695244f3"
}