[
    {
        "submission_id": "6ebf06a1",
        "submitted_at": "2025-05-22 21:39:35",
        "ip_address": "::1",
        "user_agent": "N\/A",
        "data": {
            "Nombre": "Juan Perez",
            "Sexo": "Masculino"
        }
    },
    {
        "submission_id": "0ee4677e",
        "submitted_at": "2025-05-22 21:39:47",
        "ip_address": "::1",
        "user_agent": "N\/A",
        "data": {
            "Nombre": "Andres Felipe",
            "Sexo": "Masculino"
        }
    },
    {
        "submission_id": "2dd8861d",
        "submitted_at": "2025-05-22 21:40:05",
        "ip_address": "::1",
        "user_agent": "N\/A",
        "data": {
            "Nombre": "Antonieta Fernandez",
            "Sexo": "Femenino"
        }
    }
]