[
    {
        "submission_id": "a00ea0de",
        "submitted_at": "2025-05-29 03:15:12",
        "ip_address": "::1",
        "user_agent": "N\/A",
        "data": {
            "Nombre": "Juan Perez",
            "Ingresos": "25500",
            "Sexo": "Masculino"
        }
    },
    {
        "submission_id": "1e24f9b2",
        "submitted_at": "2025-05-29 03:15:46",
        "ip_address": "::1",
        "user_agent": "N\/A",
        "data": {
            "Nombre": "Antonieta Fernandez",
            "Ingresos": "26000",
            "Sexo": "Femenino"
        }
    },
    {
        "submission_id": "0f3a24b3",
        "submitted_at": "2025-06-01 03:24:49",
        "ip_address": "127.0.0.1",
        "user_agent": "N\/A",
        "data": {
            "Nuestro eqquip": "",
            "Nombre": "Aguilar",
            "Ingresos": "1245",
            "Sexo": "Masculino"
        }
    }
]